source	date	keibajoCode	raceBango
jra	20260816	01	01
jra	20260816	01	02
jra	20260816	01	03
jra	20260816	01	04
jra	20260816	01	05
jra	20260816	01	06
jra	20260816	01	07
jra	20260816	01	08
jra	20260816	01	09
jra	20260816	01	10
jra	20260816	01	11
jra	20260816	01	12
jra	20260816	04	01
jra	20260816	04	02
jra	20260816	04	03
jra	20260816	04	04
jra	20260816	04	06
jra	20260816	04	07
jra	20260816	04	08
jra	20260816	04	09
jra	20260816	04	10
jra	20260816	04	11
jra	20260816	04	12
jra	20260816	07	01
jra	20260816	07	02
jra	20260816	07	03
jra	20260816	07	04
jra	20260816	07	05
jra	20260816	07	06
jra	20260816	07	07
jra	20260816	07	08
jra	20260816	07	09
jra	20260816	07	10
jra	20260816	07	11
jra	20260816	07	12
nar	20260816	35	02
nar	20260816	35	03
nar	20260816	35	04
nar	20260816	35	06
nar	20260816	35	07
nar	20260816	35	08
nar	20260816	35	09
nar	20260816	35	10
nar	20260816	35	11
nar	20260816	35	12
nar	20260816	44	02
nar	20260816	44	03
nar	20260816	44	05
nar	20260816	44	07
nar	20260816	44	10
nar	20260816	55	01
nar	20260816	55	02
nar	20260816	55	03
nar	20260816	55	04
nar	20260816	55	05
nar	20260816	55	06
nar	20260816	55	07
nar	20260816	55	08
nar	20260816	55	09
nar	20260816	55	10
nar	20260816	83	01
nar	20260816	83	02
nar	20260816	83	03
nar	20260816	83	04
nar	20260816	83	05
nar	20260816	83	06
nar	20260816	83	07
nar	20260816	83	08
nar	20260816	83	09
nar	20260816	83	10
nar	20260816	83	11
nar	20260816	83	12
