category	source	keibajoCode	raceBango	raceStartAtJst	expectedRunners	d1RaceKey
jra	jra	04	01	2026-08-15T09:40:00+09:00	9	jra:2026:0815:04:01
jra	jra	07	01	2026-08-15T09:50:00+09:00	16	jra:2026:0815:07:01
jra	jra	01	01	2026-08-15T10:00:00+09:00	14	jra:2026:0815:01:01
jra	jra	04	02	2026-08-15T10:10:00+09:00	15	jra:2026:0815:04:02
jra	jra	07	02	2026-08-15T10:20:00+09:00	15	jra:2026:0815:07:02
jra	jra	01	02	2026-08-15T10:30:00+09:00	10	jra:2026:0815:01:02
jra	jra	04	03	2026-08-15T10:40:00+09:00	12	jra:2026:0815:04:03
jra	jra	07	03	2026-08-15T10:50:00+09:00	7	jra:2026:0815:07:03
jra	jra	01	03	2026-08-15T11:00:00+09:00	12	jra:2026:0815:01:03
jra	jra	04	04	2026-08-15T11:10:00+09:00	15	jra:2026:0815:04:04
jra	jra	07	04	2026-08-15T11:20:00+09:00	14	jra:2026:0815:07:04
jra	jra	01	04	2026-08-15T11:30:00+09:00	12	jra:2026:0815:01:04
jra	jra	04	05	2026-08-15T11:40:00+09:00	18	jra:2026:0815:04:05
jra	jra	07	05	2026-08-15T11:50:00+09:00	16	jra:2026:0815:07:05
jra	jra	01	05	2026-08-15T12:20:00+09:00	12	jra:2026:0815:01:05
jra	jra	01	06	2026-08-15T12:50:00+09:00	14	jra:2026:0815:01:06
jra	jra	01	07	2026-08-15T13:20:00+09:00	15	jra:2026:0815:01:07
jra	jra	01	08	2026-08-15T13:50:00+09:00	11	jra:2026:0815:01:08
jra	jra	01	09	2026-08-15T14:25:00+09:00	8	jra:2026:0815:01:09
ban-ei	nar	83	01	2026-08-15T14:45:00+09:00	10	nar:2026:0815:83:01
jra	jra	04	06	2026-08-15T14:50:00+09:00	14	jra:2026:0815:04:06
jra	jra	01	10	2026-08-15T15:00:00+09:00	16	jra:2026:0815:01:10
jra	jra	07	06	2026-08-15T15:10:00+09:00	11	jra:2026:0815:07:06
ban-ei	nar	83	02	2026-08-15T15:20:00+09:00	10	nar:2026:0815:83:02
jra	jra	04	07	2026-08-15T15:25:00+09:00	15	jra:2026:0815:04:07
jra	jra	01	11	2026-08-15T15:35:00+09:00	14	jra:2026:0815:01:11
nar	nar	44	01	2026-08-15T15:40:00+09:00	12	nar:2026:0815:44:01
jra	jra	07	07	2026-08-15T15:45:00+09:00	8	jra:2026:0815:07:07
ban-ei	nar	83	03	2026-08-15T15:50:00+09:00	10	nar:2026:0815:83:03
nar	nar	55	01	2026-08-15T15:55:00+09:00	6	nar:2026:0815:55:01
jra	jra	04	08	2026-08-15T16:05:00+09:00	15	jra:2026:0815:04:08
nar	nar	44	02	2026-08-15T16:12:00+09:00	14	nar:2026:0815:44:02
jra	jra	01	12	2026-08-15T16:15:00+09:00	14	jra:2026:0815:01:12
ban-ei	nar	83	04	2026-08-15T16:20:00+09:00	10	nar:2026:0815:83:04
jra	jra	07	08	2026-08-15T16:25:00+09:00	10	jra:2026:0815:07:08
nar	nar	55	02	2026-08-15T16:30:00+09:00	7	nar:2026:0815:55:02
jra	jra	04	09	2026-08-15T16:40:00+09:00	11	jra:2026:0815:04:09
nar	nar	44	03	2026-08-15T16:45:00+09:00	9	nar:2026:0815:44:03
ban-ei	nar	83	05	2026-08-15T16:55:00+09:00	10	nar:2026:0815:83:05
jra	jra	07	09	2026-08-15T17:00:00+09:00	16	jra:2026:0815:07:09
nar	nar	55	03	2026-08-15T17:05:00+09:00	11	nar:2026:0815:55:03
jra	jra	04	10	2026-08-15T17:15:00+09:00	15	jra:2026:0815:04:10
nar	nar	44	04	2026-08-15T17:17:00+09:00	9	nar:2026:0815:44:04
ban-ei	nar	83	06	2026-08-15T17:25:00+09:00	10	nar:2026:0815:83:06
jra	jra	07	10	2026-08-15T17:30:00+09:00	16	jra:2026:0815:07:10
nar	nar	55	04	2026-08-15T17:40:00+09:00	12	nar:2026:0815:55:04
jra	jra	04	11	2026-08-15T17:45:00+09:00	18	jra:2026:0815:04:11
nar	nar	44	05	2026-08-15T17:50:00+09:00	5	nar:2026:0815:44:05
jra	jra	07	11	2026-08-15T18:00:00+09:00	15	jra:2026:0815:07:11
ban-ei	nar	83	07	2026-08-15T18:05:00+09:00	10	nar:2026:0815:83:07
nar	nar	55	05	2026-08-15T18:10:00+09:00	11	nar:2026:0815:55:05
jra	jra	04	12	2026-08-15T18:20:00+09:00	18	jra:2026:0815:04:12
nar	nar	44	06	2026-08-15T18:22:00+09:00	13	nar:2026:0815:44:06
jra	jra	07	12	2026-08-15T18:30:00+09:00	16	jra:2026:0815:07:12
ban-ei	nar	83	08	2026-08-15T18:35:00+09:00	10	nar:2026:0815:83:08
nar	nar	55	06	2026-08-15T18:40:00+09:00	9	nar:2026:0815:55:06
nar	nar	44	07	2026-08-15T18:55:00+09:00	16	nar:2026:0815:44:07
ban-ei	nar	83	09	2026-08-15T19:05:00+09:00	10	nar:2026:0815:83:09
nar	nar	55	07	2026-08-15T19:15:00+09:00	10	nar:2026:0815:55:07
nar	nar	44	08	2026-08-15T19:30:00+09:00	11	nar:2026:0815:44:08
ban-ei	nar	83	10	2026-08-15T19:35:00+09:00	10	nar:2026:0815:83:10
nar	nar	55	08	2026-08-15T19:50:00+09:00	11	nar:2026:0815:55:08
ban-ei	nar	83	11	2026-08-15T20:05:00+09:00	9	nar:2026:0815:83:11
nar	nar	44	09	2026-08-15T20:10:00+09:00	14	nar:2026:0815:44:09
nar	nar	55	09	2026-08-15T20:20:00+09:00	10	nar:2026:0815:55:09
ban-ei	nar	83	12	2026-08-15T20:40:00+09:00	10	nar:2026:0815:83:12
nar	nar	44	10	2026-08-15T20:50:00+09:00	14	nar:2026:0815:44:10
nar	nar	55	10	2026-08-15T20:50:00+09:00	12	nar:2026:0815:55:10
